post_id,title,score,url,num_comments,created_utc,author,selftext
hr1ttn,"Let's be honest, we all know it's true.",271,https://i.redd.it/hmsohe4suta51.jpg,29,2020-07-14 13:47:35+00:00,evilsbane60,
gemtls,Hot take:,260,https://i.redd.it/5ujb6rtc46x41.png,37,2020-05-06 16:04:52+00:00,None,
fdjgnu,Better not let the HCO know that I don‚Äôt date.,240,https://i.redd.it/48za1wedxpk41.jpg,22,2020-03-04 20:47:29+00:00,Simply_Epic,
b9h1oc,Walkout next Friday to reform the honor code office!,221,https://i.redd.it/qd3wtxjpraq21.jpg,42,2019-04-04 19:16:19+00:00,babsy18,
g3eip7,"My wife couldn't have a graduation pic of her own, so she photoshopped her face on mine",214,https://i.redd.it/ke4c5obb6ht41.jpg,10,2020-04-18 00:58:47+00:00,None,
iqz5ni,I was randomly selected by BYU to get COVID tested,211,https://www.reddit.com/r/byu/comments/iqz5ni/i_was_randomly_selected_by_byu_to_get_covid_tested/,29,2020-09-11 20:58:03+00:00,Tanzan57,It came back negative. Good to know I've already failed my first test of the semester
fhr6v3,We finally have a Spring Break to go along with Spring Day!,205,https://i.redd.it/ri6b3jwy8cm41.png,2,2020-03-13 00:56:19+00:00,Epic_Doughnut,
iomfgi,BYU fans after the Navy game,197,https://i.redd.it/2m7hpbg2hul51.jpg,12,2020-09-08 03:37:59+00:00,rhldy,
gpva6r,Nearly 50 years later...,192,https://i.redd.it/31xef9angr051.jpg,19,2020-05-24 19:03:38+00:00,None,
jw291e,The Problems with BYU Contracted Housing,183,https://www.reddit.com/r/byu/comments/jw291e/the_problems_with_byu_contracted_housing/,99,2020-11-17 21:43:23+00:00,ProdigalPressProvo,"This month our team has been doing some research on the BYU housing market, talking to academics, emailing local real estate brokers, digging through off-campus housing rules, and looking through business records. Everyone knows BYU housing has problems, but it‚Äôs time we have a real discussion about the root causes.

Here are a few excerpts from ‚ÄúThe Provo Housing Racket‚Äù that summarize our findings pretty succinctly:

‚Äî

Too often, BYU students are over-charged, abused, and taken advantage of by their landlords. And, despite good intentions, BYU is one of the greatest culprits behind Provo‚Äôs broken student housing market.

BYU places significant hurdles in the way of would-be landlords, limiting the supply of available housing and costing students more. First, BYU contracted apartments are required to physically segregate male and female designated units. Since most apartments in the U.S. are gender-neutral by default, a large chunk of housing is written-off on that basis alone. Second, BYU contracted apartments must be located within a certain distance of campus, limiting the geography for BYU housing to a mere 2.7 square miles. That area includes established businesses and married housing, as well as streets and greenspace.

As a result, many BYU apartments are thirty, forty, even fifty years old. Building new is expensive, and the pool of non-BYU contracted housing within the zone is limited. Most newer developments are on the premium side of the market (The Village, College Place, etc.). If students had a wider range of affordable options to choose from, rent would fall and quality would rise.

It‚Äôs bad enough that BYU has built a system primed for exploitation‚Äîa system where the rules of supply and demand no longer apply, and landlords can count on a captive audience of vulnerable renters. What‚Äôs worse is the way that BYU has abandoned its responsibility to protect students. Last winter, BYU moved classes online and told students to go home. Students on-campus were released from their contracts in the dorms without penalties. Students off-campus, however, were left to fend for themselves. BYU did little to pressure complexes to release students from contracts, even though the university could have threatened to rescind BYU approval for non-compliant housing. 

If BYU is going to require students to live in BYU contracted housing with all of the drawbacks that entails‚Äîspecial rules, higher rents, lower quality‚ÄîBYU needs to do more to protect students. This means:

No more 12-month contracts: require complexes to offer fall/winter contracts since most students leave Provo in April. 

No more monopolies: limit the reach of companies like Redstone Residential that exercise unfair control over the housing market.

Finally, pick sides: when crises like COVID-19 break out, BYU needs to side with students. The university has played neutral for far too long.

Or better yet, BYU should let students live where they want and let the problems work themselves out."
it9l2c,I had to do it.,188,https://i.redd.it/azaz95txkbn51.jpg,31,2020-09-15 14:14:06+00:00,evilsbane60,
hqne6a,"This year I'll graduate, or die trying",186,https://i.redd.it/linls1q0soa51.jpg,4,2020-07-13 20:44:44+00:00,None,
fi5co1,The administration's worst nightmare,180,https://i.redd.it/ejsx89lbshm41.jpg,12,2020-03-13 19:33:35+00:00,None,
jn1591,Good Old Helaman Halls,181,https://i.redd.it/kbcx9gh91ww51.png,28,2020-11-03 01:34:37+00:00,Hexicero,
isxrg7,Let‚Äôs see what happens after today‚Äôs announcement,181,https://i.redd.it/55ob9styg7n51.jpg,22,2020-09-15 00:24:42+00:00,butt-hole-eyes,
ik4g0i,Teacher told us that one student was online from south Korea at 4am his time.... plenty of f‚Äôs in the chat,172,https://v.redd.it/15jgjiyh0ek51,30,2020-08-31 19:13:20+00:00,Ya_boi_lil_yeets,
k1kfxg,Which one of you did this?,168,https://i.redd.it/i677rr1pmm161.png,24,2020-11-26 18:21:39+00:00,gogetaashame,
jt4kpa,Looks like the library is getting serious,163,https://i.redd.it/l15co9iuvvy51.jpg,40,2020-11-12 22:16:21+00:00,None,
fyj2zf,Or just campus in general,159,https://i.redd.it/gd1q8o9no0s41.png,5,2020-04-10 16:27:32+00:00,None,
iwpsuf,Same thing can be applied to concerns about parking,156,https://i.redd.it/xmj9z84s9eo51.jpg,18,2020-09-21 00:22:36+00:00,None,
fo7q7q,"BREAKING: BYU to Fire Chimpanzees, Hire Actual Programmers to Develop Learning Suite and BYU Store Website",161,http://www.altuniversebyu.com/2020/03/01/breaking-byu-to-hire-actual-programmers-to-develop-learning-suite-and-byu-store/,21,2020-03-24 16:12:04+00:00,panthr_02,
fcdb0u,Big oof,157,https://i.redd.it/924wpuf6y9k41.jpg,13,2020-03-02 15:03:30+00:00,peterbrownbyu,
j42gdu,@ all of those couples in the HBLL,158,https://i.redd.it/dh15qx6lhpq51.jpg,3,2020-10-02 20:35:04+00:00,spclguy444,
fen6cr,Brigham's (truly) great-great-great grandson takes his stand,154,https://imgur.com/sogolTy,6,2020-03-07 00:31:43+00:00,None,
i7totl,This beautiful message from a BYU student,149,https://v.redd.it/u1vvw8m35eg51,22,2020-08-11 15:23:36+00:00,Chino_Blanco,
g7xclt,Sistine Chapel,149,https://i.redd.it/13r4mtm800v41.jpg,4,2020-04-25 17:22:47+00:00,Arbiter1171,
b946jz,"Petition to Update the Honor Code. Keep the guidelines of church standards (no pre-marital sex/alcohol etc) but do away with weird rules regarding beards, piercings, shorts length, encouraged tattling on other students etc.",149,https://www.change.org/p/president-kevin-update-the-honor-code-at-byu?recruiter=35621384&utm_source=share_petition&utm_medium=copylink&utm_campaign=psf_combo_share_abi.pacific_post_sap_share_gmail_abi.gmail_abi,41,2019-04-03 21:45:28+00:00,M00glemuffins,
fe07ki,More memes on the sub needed,141,https://i.redd.it/wjxynm3ckwk41.jpg,13,2020-03-05 19:06:53+00:00,zach9975,
f6ot9o,Beard = sin,143,https://i.redd.it/f22c36ilt0i41.jpg,23,2020-02-20 06:14:15+00:00,None,
bch8gg,Today‚Äôs HCO Protest,145,https://i.redd.it/nh1wcrklpvr21.jpg,184,2019-04-12 18:45:55+00:00,U8oL0,
ff2k02,This is what we're fighting for,145,https://i.redd.it/2gvnlagurbl41.jpg,7,2020-03-07 22:15:57+00:00,None,
bgo02h,Hope you guys like this,137,https://i.redd.it/70762fh3y3u21.png,10,2019-04-24 00:36:20+00:00,drSwashbuckler,
dz6l9p,Bring beards back,139,https://i.redd.it/6kjtz6n63wz31.png,10,2019-11-20 19:03:56+00:00,hawtmike,
k17yce,I guess it really works!,136,https://i.redd.it/j5l8o0yjdi161.jpg,1,2020-11-26 04:03:03+00:00,nihilism_or_bust,
j6g64j,Pls President Worthen I just want to look hot,137,https://i.redd.it/kvyvk2m28kr51.jpg,14,2020-10-06 23:34:49+00:00,None,
f9dshv,Important PSA in the JKB,135,https://i.imgur.com/HS2mwOt.jpg,2,2020-02-25 17:31:28+00:00,None,
j1ht9b,"BYU employee political donations by party (Jan 1, 2019 ‚Äì Today)",136,https://i.redd.it/35qpvr3zmxp51.png,77,2020-09-28 18:33:41+00:00,U8oL0,
dapy7k,My experience as a transgender student with BYU's ID center,136,https://www.reddit.com/r/byu/comments/dapy7k/my_experience_as_a_transgender_student_with_byus/,29,2019-09-29 03:19:18+00:00,soapfestbeth,"Some background: I'm currently a senior attending BYU and discovered that I was trans over the summer (Male to Female). Since transferring isn't really an option for me, I plan on being more open with my gender identity at BYU, and I've already came out to my bishop and a number of professors. Everyone has been pretty supportive so far, which I was not expecting.

Anyway, I wanted to get my ID card updated to reflect my new name and gender presentation. I was a bit hesitant, since I've heard quite a few cautionary tales of LGBT students and the Honor Code Office. I ended up emailing the ID center to verify that what I was doing was kosher.

It turns out that the ID center was totally cool with putting my preferred name on my card and dressing in feminine clothing for my picture. The person I emailed even asked what pronouns I wanted used for me so that when I went in I wouldn't get misgendered. So that turned out really well. Getting the ID card updated was pretty easy too, I simply walked in, took the picture, got my card, and left no questions asked.

In summary, while BYU can still be a tricky place for LGBT students to navigate, things are getting much better for us on campus. If you're a transgender student on campus, you should definitely still weigh the pros and cons of coming out of the closet. I just want y'all to know that (in my experience) the ID center is pretty trans friendly."
em3vln,My experience meeting with an Associate Dean of Students about the beard policy,136,https://www.reddit.com/r/byu/comments/em3vln/my_experience_meeting_with_an_associate_dean_of/,19,2020-01-09 03:26:15+00:00,None,"Hey everyone, I'm a sophomore at BYU who thinks he looks way better with a beard, and my wife and friends agree. So I let my facial hair grow and shave before tests. I hate doing this, because I want to let my beard grow out, so a couple weeks ago I met with the Associate Dean of Students Nathan Ward to discuss the issue of beards.

A quick summary of our meeting: that sucks, there's nothing I or you can do, have an ice cream on us.

In all honesty, my meeting with Dean Ward was very cordial and respectful. I went in knowing that people would have spoken with him before and intended on getting some ideas on official ways I can go about appealing it to people in power. And that's where I hit a brick wall. While I got the feeling throughout the meeting that Dean Ward was on my side and in total agreement, he explained to me in no uncertain terms that there's no way for me to directly contact those in charge of the Dress and Grooming Standards.

He also explained to me who's in charge of them: the First Presidency, Twelve, and a handful of other commissioners who meet to talk about the entire CES once a month. He told me that they were aware of the issues and that they were aware that student sentiment had changed. I asked if he could bring it up, he said that while they do talk about student sentiment about many rules that not even President Worthen can make recommendations on changes to the Honor Code: only the board can ask for recommendations. ie the prophet, his counselors, and 3 or 4 other people. The last time they asked for recommendations? 1991.

I asked him if he could see the policy changing while I'm at BYU (two-ish more years), he said he wouldn't be surprised, but that I shouldn't hold my breath.

After 45 minutes of discussion, I said ""it appears we've hit a brick wall."" Dean Ward chuckled sympathetically, and as a well-intentioned final act of placation, gave me two coupons for free ice cream from Cougar Eats, which I enjoyed with my wife.

EDIT: here's a follow up on my experience writing President Worthen himself:  [https://www.reddit.com/r/byu/comments/ex2jse/follow\_up\_to\_my\_previous\_post\_about\_the\_beard/](https://www.reddit.com/r/byu/comments/ex2jse/follow_up_to_my_previous_post_about_the_beard/)"
du4dzl,Epstein didn‚Äôt kill himself,133,https://i.redd.it/85sr36zf8rx31.jpg,11,2019-11-10 00:36:18+00:00,butt-hole-eyes,
fh28jf,"""We deserve more than just Spring Day""",133,https://i.redd.it/vxpzqx4pb3m41.jpg,21,2020-03-11 18:55:08+00:00,survivorsof815,
hyttyk,RIP parking,125,https://i.redd.it/uqkwmwwized51.jpg,64,2020-07-27 14:59:55+00:00,hawtmike,
fkpkt0,Did anyone wake up from the earthquake?,130,https://i.imgur.com/5V5oGhM.jpg,24,2020-03-18 13:33:19+00:00,None,
ffobr6,Happy International Women's Day from these BYU engineering students!,123,https://i.redd.it/v7xrfzx0ekl41.jpg,3,2020-03-09 03:15:09+00:00,Roughneck16,
jiqyxt,"Just an ordinary library reservation, nothing to see here",124,https://i.redd.it/3jpcm3h18jv51.png,20,2020-10-27 00:29:23+00:00,None,
f7ujpx,Worthen vs Young,124,https://i.redd.it/h4v9f3ro1ii41.png,2,2020-02-22 16:12:28+00:00,Lookathebrightside,
kf3zsg,Pray for me and the curve....but nice,124,https://i.redd.it/l6urrdyuqs561.jpg,30,2020-12-17 19:13:37+00:00,Ya_boi_lil_yeets,
fa364v,Anybody else see those signs on campus now?,124,https://i.redd.it/z4u5mhruzcj41.jpg,7,2020-02-27 00:14:08+00:00,live_sheck_wes,
ingeri,COVID-19,117,https://i.redd.it/o9fy1ykvogl51.jpg,16,2020-09-06 05:16:48+00:00,TakenEwok,
e65dyx,Hang in there everyone,118,https://i.redd.it/z02jsm4xfo241.jpg,3,2019-12-04 20:33:28+00:00,crap_on_a_crayfish,
itcrfl,"Tired of Kwaku and COVID? Let's return to the good ol' days, when all we had to complain about was the beard ban",115,https://i.redd.it/jowd9szodcn51.jpg,21,2020-09-15 16:55:39+00:00,None,
hjbmit,Apparently the Crabtree building had an exterior spiral staircase when it first opened (1985),117,https://i.redd.it/6gy71tspd9851.jpg,14,2020-07-01 14:48:03+00:00,U8oL0,
9rhcjy,Fall looks great on BYU,114,https://i.redd.it/7sox6qwgvfu11.jpg,6,2018-10-26 03:48:50+00:00,ThePhoneBocks,
j2up99,business as usual,117,https://i.redd.it/fusjktrtncq51.png,1,2020-09-30 21:04:41+00:00,live_sheck_wes,
ixr7gs,Warning from Worthen and UVU President,113,https://www.reddit.com/r/byu/comments/ixr7gs/warning_from_worthen_and_uvu_president/,91,2020-09-22 16:47:51+00:00,None,"Dear Students,

As the presidents of the two largest universities in the state of Utah, we are grateful that we have been able to open our student facilities and offer face-to-face classes this fall semester. We thank those who have been compliant with the safety guidelines that have been put in place due to the COVID-19 pandemic.

However, we are greatly concerned about the dramatic rise in positive cases of COVID-19 in Utah County, particularly among college students. This is both alarming and unacceptable.

We‚Äôre concerned not only for your well-being, but also for those in the local community who are affected by the trends we‚Äôve seen in the last week.

Behavior must change. We implore you to stay home except for in-person classes, work, church, and other essentials. We ask that you limit your social interactions to only those within your household and avoid small gatherings where individuals aren‚Äôt wearing masks or maintaining physical distance. If you‚Äôre feeling sick, stay home. If you've had a known exposure to the virus, may test positive for the virus or are awaiting a test result, follow the quarantine guidelines of state and local health officials. We expect you to follow all safety requirements on campus and all state and local mandates off campus.

If circumstances do not improve within the next two weeks, more dramatic action will be necessary. This may include a two-week quarantine, closing campuses to the public or a complete retreat to all-remote instruction for the rest of the semester.

Please be wise. Your individual choices will make all the difference.

Sincerely,

Kevin J Worthen, BYU President
Astrid S. Tuminez, UVU President"
ii81fv,This is why school will be online by October,111,https://v.redd.it/ez4gl7o67rj51,38,2020-08-28 14:29:23+00:00,Ya_boi_lil_yeets,
eluog2,BYU parking,117,https://i.redd.it/yyy9hae4wk941.jpg,22,2020-01-08 16:06:07+00:00,zach9975,
bpe31y,"‚ÄúThe part about homosexuality in the honor code ‚Äî it basically states that anything that gives expression to homosesxual feelings is against the honor code. And that‚Äôs very confusing to me because I am a homosexual and I have feelings.‚Äù ‚Äî Amy Jacobs, BYU alumna",109,https://www.kuer.org/post/byu-student-activists-cheer-changes-say-there-s-still-long-way-go,48,2019-05-16 15:39:11+00:00,Chino_Blanco,
kesgys,I just thought of this while reading the mess of the lass honor code thread,111,https://i.redd.it/w1udrg1o3p561.png,18,2020-12-17 06:57:13+00:00,jacwa1001405,
hvtwyb,They finally did it. A sidewalk between the MARB and Clyde Building.,114,https://i.redd.it/55wb8bu7wec51.jpg,8,2020-07-22 13:37:14+00:00,evilsbane60,
fsh50h,TFW you lose your ecclesiastical endorsement because you have a beard,111,https://i.redd.it/r3ledbqam1q41.jpg,31,2020-03-31 17:27:53+00:00,None,
fhcrpv,commencement's gonna be like,111,https://i.imgur.com/Tj0jdwk.jpg,2,2020-03-12 07:47:33+00:00,yrdsl,
fb0r9c,"Fell asleep on a bench in the Eyring, and woke up with this next to me! Thank you wholesome stranger!",115,https://i.redd.it/xyr8zkj32qj41.jpg,11,2020-02-28 20:09:51+00:00,survivorsof815,
iax3bd,New BYU app feature lets you place mobile orders for on-campus dining,112,https://i.redd.it/xga4ahojmeh51.jpg,11,2020-08-16 18:03:39+00:00,U8oL0,
bl8aft,treason of the highest order,109,https://i.redd.it/6s4ma5ed7jw21.jpg,8,2019-05-06 06:03:02+00:00,None,
j2ab7d,BYU store promoting impossible beauty standards,108,https://i.redd.it/v9as0yts36q51.jpg,18,2020-09-29 23:01:49+00:00,lord_of_the_cadavers,
jx8jc5,Redstone Residential and MHE Real Estate - A Case Study on BYU's Broken Student Housing Market,106,https://www.reddit.com/r/byu/comments/jx8jc5/redstone_residential_and_mhe_real_estate_a_case/,41,2020-11-19 18:44:30+00:00,ProdigalPressProvo,"This is Part 2 of a series by our team on the Provo Housing Racket. View Part 1 [here](https://www.reddit.com/r/byu/comments/jw291e/the_problems_with_byu_contracted_housing/?utm_source=share&utm_medium=web2x&context=3).

In Part 1, we concluded that one of the biggest drivers behind BYU's broken student housing market is BYU itself. In Part 2, we will examine Redstone Residential and MHE Real Estate as a case study on the greater Provo student housing market. 

\_\_\_

Most students have no idea who their actual landlord is, and unmasking owners can be a lot like taking apart a Russian Nesting Doll‚Äîone shell company after another. Consider the Liberty franchise. According to Utah business records, the Liberty on Freedom complex is owned by Liberty on Freedom (LLC). In turn, Liberty on Freedom (LLC) is owned by Liberty Square West Investors (LLC) and Liberty Square West (LLC). Finally, Liberty Square West (LLC) is managed by **(name redacted to avoid doxxing)**, CEO of MHE Real Estate. A quick look through the MHE Real Estate [website](https://mherealestate.com/our-portfolio/student-housing/) reveals that MHE is a major player in the Provo housing market, despite the fact that the average renter has never even heard of them.

MHE at least partially owns: Campus Provo, Liberty Square, Liberty on Eighth, and Liberty on Freedom. These are among the largest BYU complexes by bed count. Liberty Square is actually the single largest BYU complex by bed count. 

While MHE owns the apartments, Redstone Residential (a real estate operating company) manages everything from leasing to maintenance and rent collections. In other words: Redstone is essentially a middleman between landlords and renters. Most operating companies take a percentage of revenues, driving up rent and disincentivizing any expensive maintenance or improvements. 

Residents we spoke to at Liberty on Freedom noted aged buildings, shared bedrooms, cramped kitchens, and a single shared bathroom. With utilities, rent comes out to about $400/month.

Before MHE and Redstone, Liberty Square had a vacancy rate of [30-40%](https://mherealestate.com/our-portfolio/student-housing/liberty-square/) during the summer months due to the nature of fall/winter and spring/summer length contracts. Now, Redstone-managed properties almost exclusively offer 12-month contracts, and vacancy has fallen to nearly zero. The burden has shifted from landlords to renters, and students are left scrambling to find replacement tenants for the summer months even though most BYU students leave Provo in April.

Redstone manages about half of all beds at the large BYU complexes and an even greater share of the overall market. Because BYU has kept the barrier to entry for new landlords so high, many students are forced to choose between one Redstone-managed property or another. And if it's not Redstone, it's likely Aspen Ridge. Small landlords are struggling to compete or even get BYU approval.

When COVID hit, the MHE-owned and Redstone-operated Liberty franchise was generally uncooperative with students trying to be released from their contracts or get rent reductions. Meanwhile, Redstone Residential received [between $2-5m](https://projects.propublica.org/coronavirus/bailouts/loans/redstone-residential-inc-3cfaf714208b0bbd8de93d67b90a1a92) in forgivable PPP loans. 

When a few large firms monopolize a market, competition falls and consumers are made worse-off. Granting students access to the open market is the best way to promote competition and loosen the hold of companies like Redstone and MHE.

It's time for BYU to step-up and fix the broken housing market they helped create."
fws6ie,Can people stop so we can get back to our normal lives ASAP. @kinghenry,107,https://i.redd.it/v56gyvygigr41.jpg,40,2020-04-07 20:36:53+00:00,Ya_boi_lil_yeets,
fg8ijf,"""There shall be NO DAPPER GENTS at my pure University!"" - BYU",105,https://i.redd.it/uojekmbozrl41.jpg,9,2020-03-10 04:48:45+00:00,None,
jr4p6g,Be on the lookout for this thief!,103,https://i.redd.it/yk6ki0vxp9y51.png,14,2020-11-09 19:44:08+00:00,U8oL0,
j54t00,#boycottAmazon,107,https://i.redd.it/899q5whjp4r51.jpg,4,2020-10-04 19:23:57+00:00,Momo-on-deathsticks,
f00104,I don't understand why we aren't talking about the REAL problem,103,https://www.reddit.com/r/byu/comments/f00104/i_dont_understand_why_we_arent_talking_about_the/,29,2020-02-06 22:05:13+00:00,Suffocatedwallaby,"I recently have seen on here a few petitions for various changes at this university. Unfortunately, I have noticed a terrible silence when it comes to an extremely significant issue that affects us all. Why, oh why, must I be logged out of learning suite after two hours of inactivity?

&#x200B;

Thank you for coming to my Ted talk"
hshamx,Update on Clyde Building Incident Yesterday,105,https://i.redd.it/y4xhcase0ab51.jpg,6,2020-07-16 20:07:42+00:00,footballbagels,
fb18by,If it's so unimportant then why don't they just change it?,104,https://i.redd.it/xyu94ybj7qj41.jpg,3,2020-02-28 20:40:53+00:00,None,
f1lwf2,Cosmo the Cougar gets launched from the three-point line.,103,https://v.redd.it/fe9fl2feayf41,1,2020-02-10 05:42:46+00:00,dabears41,
etxj5i,I don't think they asked the dietitian when they created this promotion,104,https://i.redd.it/goreaiiz00d41.jpg,3,2020-01-25 22:13:01+00:00,WiJaMa,
dfovif,Dear Extroverts of the CougarEat,107,https://www.reddit.com/r/byu/comments/dfovif/dear_extroverts_of_the_cougareat/,16,2019-10-09 22:51:10+00:00,None,"Please stop trying to have a conversation with the introverts watching netflix and eating lunch. I've been waiting all morning for my parks and rec episode and there is no way I want you to interrupt that.

Especially if you were asking me to do summer sales with you. It hasn't even snowed yet, get a grip on yourself.

/rant"
js83y4,"A decade later, BYU grad (and former BYU Law prof) Mehrsa Baradaran named to US President-elect Biden‚Äôs Treasury Dept. transition team",106,https://magazine.byu.edu/article/sister-act/,7,2020-11-11 13:28:18+00:00,Chino_Blanco,
j20xat,These insults bring me back to the good ole days of getting bullied in elementary school,103,https://i.redd.it/fo8yl8i6p3q51.png,25,2020-09-29 15:03:21+00:00,YeetTheY,
irjmmb,This is accursed,106,https://i.redd.it/j5oumrv6wrm51.jpg,20,2020-09-12 20:01:46+00:00,WiJaMa,
idbdxw,New mask requirement signs posted around campus,104,https://www.reddit.com/gallery/idbdxw,21,2020-08-20 14:34:05+00:00,Whizzmaster,
kelvdu,Just finished my last final,104,https://www.reddit.com/r/byu/comments/kelvdu/just_finished_my_last_final/,11,2020-12-17 00:22:34+00:00,None,Good luck on tests tmw and see ya next year b\*tches
iml629,"New BYU announcement: ""Your behavior this weekend could make or break BYU's ability to remain on campus this semester""",104,https://i.redd.it/f7inwuuo96l51.png,55,2020-09-04 18:13:53+00:00,U8oL0,
j889b8,"Is BYU football really any good this year, or are they just winning because everyone else is terrible?",97,https://i.redd.it/kcsg7erz45s51.png,23,2020-10-09 21:55:55+00:00,None,
ijr0bt,Walking up the RB stairs,100,https://i.imgur.com/mIyvMJV.jpg,6,2020-08-31 03:52:55+00:00,None,
jqqmyv,They are legally allowed to be smug for a week.,95,https://i.redd.it/7jeoqsa135y51.png,41,2020-11-09 04:08:42+00:00,CCMonger,
jjytnc,"Regrettably, the BYU store was all sold out of world peace by the time I got there.",93,https://i.redd.it/17rhv64w5xv51.jpg,6,2020-10-28 23:22:02+00:00,None,
inx8s3,Ya don‚Äôt say,100,https://i.redd.it/qebmo0uecml51.jpg,2,2020-09-07 00:17:37+00:00,footballbagels,
ae1tfj,"I work in the secret tunnels under campus, AMA",96,https://i.redd.it/0yi511yc0b921.jpg,48,2019-01-09 01:54:39+00:00,None,
fdxh3w,Finance professor Jim Brau to stop posting videos of lectures on YouTube after receiving death threats due to a video of a pro-LGBTQ in-class spiritual thought that went viral last week,99,https://i.redd.it/vr6ahvjwovk41.jpg,39,2020-03-05 16:10:43+00:00,U8oL0,
eyvgre,This sub lately,97,https://imgur.com/a/Gs8Q4Sz,5,2020-02-04 19:26:30+00:00,einstien74,
a2ram5,An actual representation of Learning Suites stability.,96,https://i.redd.it/ta89o4wwt3221.jpg,15,2018-12-03 18:16:50+00:00,Amature_Specialist,
h9uu5p,Work begins on the new music building. RIP this parking lot,98,https://i.redd.it/mj4pz0b8q6551.jpg,17,2020-06-16 02:40:28+00:00,U8oL0,
fe1v43,I‚Äôm fully aware that this will be an unpopular opinion,97,https://www.reddit.com/r/byu/comments/fe1v43/im_fully_aware_that_this_will_be_an_unpopular/,66,2020-03-05 20:51:44+00:00,shadetreepolymath,"There has been a lot of talk about how the BYU community should interact with the LGBTQ community.  Pro-tip: This is not the first time groups of people with different standards have had conflict.  So what‚Äôs the best way to deal with conflict?  Generally, when there is deep-seated, sincerely-held disagreement, it‚Äôs helpful to agree to disagree.  

By the way, ‚Äúdeep-seated, sincerely-held disagreement‚Äù is exactly what this is.  This isn‚Äôt Handmaid‚Äôs-Tale-style patriarchy trying to oppress you, and it‚Äôs not a progressive conspiracy to make you gay.  It‚Äôs decent people who genuinely hold one set of values disagreeing with decent people who hold a different set of values.  For the most part.

I have many friends and acquaintances from across the political and social spectrum, and we agree to disagree a lot.  I don‚Äôt love the fact that abortions occur, but I have good friends who are one-issue pro-choice voters.  I don‚Äôt think Islam is the devil‚Äôs scourge, but I go to family reunions with plenty of people who do think that, and I love them dearly.  I think socialism is an atrocious idea, but I haven‚Äôt blocked any of my Bernie-loving friends on social media.  Why?  Because we agree to disagree.  We share our opinions, we exchange ideas, and when the day is over, we shake hands and go back to our corners.

By the way, letting the other side ‚Äúgo back to their corner‚Äù is an essential part of agreeing to disagree.  Even though I‚Äôm pro-life, I‚Äôve never chased an abortion doctor back to his house and picketed his front door.  Because that‚Äôs his house.  Even though I‚Äôm anti-anti-Islam, I‚Äôve never gone inside my cousin‚Äôs rural Baptist church and shouted that everyone needs to stop sending money to Israel and be more open-minded about Islam.  Because that‚Äôs their church.  Even though I‚Äôm pro-gun, I‚Äôve never gone to a meeting of Moms Demand Action with a firearm slung on my shoulder.  Because that‚Äôs their meeting.  Agreeing to disagree means you listen quietly, you state your case, and then you respect the other side‚Äôs autonomy.

In summary --  Even if you think homosexuality is a bad idea, don‚Äôt go to a gay bar and preach at people.  Nobody forced you to go to the gay bar, and you knew what it was when you walked through the door.  Just leave the people in the gar bar alone.  The gar bar doesn‚Äôt exist for you.  And even if you think homosexuality is just fine, don‚Äôt go to BYU and protest.  Nobody forced you to go to BYU, and you knew what it was when you walked through the door.  Just leave BYU alone.  There are plenty of universities that don‚Äôt think there is anything at all wrong with homosexuality.  Like, ALL OF THEM except BYU.  

I‚Äôm NOT saying, ‚ÄúIf you don‚Äôt like BYU's standards, go somewhere else.‚Äù  I‚Äôm saying, if you don‚Äôt like BYU‚Äôs stance on homosexuality, that‚Äôs fine!  Stay if you want to.  It‚Äôs fine that there are communities that you don‚Äôt like.  There are communities that I don‚Äôt like.  We don‚Äôt have to change everybody we disagree with.  Let BYU‚Äôs standards be BYU‚Äôs standards.

Respect the fact that different communities see things differently, and leave them alone to do things differently."
f4g1yn,If you were rejected from BYU today...,95,https://www.reddit.com/r/byu/comments/f4g1yn/if_you_were_rejected_from_byu_today/,14,2020-02-15 21:28:34+00:00,nikond750,"I was rejected from BYU just about two years ago. I was a convert with a 36 and a 4.0 and I was left feeling shocked and very hurt. I attended another university for a semester, reapplied with the exact same application, and was ultimately accepted for Winter 2019. 

College admissions is a really fickle process. I don't know why you were denied (and if my experience holds, you will never receive a reason...) but I do have a firm belief‚Äîbolstered in large part by my rejection experience‚Äîthat God will aid us in making the best of these twists and bumps in our life plans. I'm sure I could be in a fantastic place in my life right now had I been accepted the first time, but I also know that my life would be drastically different without the attributes I refined as I weathered this ""trial,"" the amazing friends and faculty with whom I connected at my other university, and the people I met here at BYU only because I arrived when and how I did.

Unfollow BYU on Instagram for a few months if you have to, but keep doing all of the wonderful things you did in preparation to gain admittance and striving to be the best person you can be. Whether you wind up here in Provo next year or head elsewhere for higher education, I promise you're going to be okay. Feel free to reach out if you need someone to talk to. :)"
in70ld,DONT CALL 911,90,https://www.reddit.com/r/byu/comments/in70ld/dont_call_911/,14,2020-09-05 19:15:17+00:00,bgcarlson,"I don‚Äôt give a damn what your opinions are on masks, do NOT call 911. 

It has come to my attention that multiple people are not aware that there is a different phone number for non-emergency police calls. 

801-852-6210 is the Police Phone number for anyone that wants it. 

Calling 911 for non-emergencies puts lives at risk because there are people that die every day because 911 lines get full up. If you care about lives, please don‚Äôt put them at risk by calling 911 for non-emergencies. 
Once more. DO NOT CALL 911 TO REPORT MASK/SOCIAL DISTANCING ISSUES. 

(Police also aren‚Äôt enforcing the mask mandate, but you‚Äôre welcome to exercise your agency and do what you want.)"
f5vtkp,OC,94,https://i.redd.it/mwo0bpbt1qh41.jpg,13,2020-02-18 17:59:59+00:00,None,
jruxhb,rip pres worthen,93,https://i.redd.it/hrbtol4slhy51.jpg,3,2020-11-10 22:15:01+00:00,MikeyBear0,
ik1k05,My experience with the BYU COVID-19 testing site,93,https://www.reddit.com/r/byu/comments/ik1k05/my_experience_with_the_byu_covid19_testing_site/,9,2020-08-31 16:46:21+00:00,U8oL0,"I wanted to share this in case anybody here who has to get tested for COVID-19 in the coming days or weeks wants to know what to expect when visiting the BYU COVID-19 testing site outside of the Student Health Center.

Despite following all of BYU's mask and social distancing standards both on- and off-campus, I developed some COVID-like symptoms over the weekend. Per the instructions at [health.byu.edu](https://health.byu.edu) and on the Health Together app, I started self-isolating right away and I called the BYU COVID-19 hotline (801-310-0438). Since it was the weekend, they weren't open, so I left a message and received a call back first thing this morning.

You have to have an appointment to be tested at BYU. When they called me, they gave me several timeframe options during the day. You can either walk up or drive through. Masks are required. I walked since I don't have a car. When I was there this morning, it already seemed pretty busy with a few other people who walked up and 10-15 cars in line waiting to be tested. The whole process took me 5-10 minutes from the time I arrived to the time I left.

There is a tent at the front of the Student Health Center where you give them your name to check in. They took my temperature, and after waiting for a few minutes, one of the doctors administered the test. Yes, it involves sticking a q-tip type thing far up your nose, but at least for me, it wasn't painful and just tickled. They told me I should expect to get a phone call with the test results on Wednesday.

I'd imagine things will only get busier as the semester continues, so it's probably best to be proactive about getting tested even if you start experiencing even the slightest symptoms. I hope everybody stays safe!"
i1kxwz,Looks like someone got tired of the crossing sign outside of the Tanner Building,93,https://i.redd.it/ya1kpcu42be51.jpg,10,2020-08-01 02:51:37+00:00,U8oL0,
hef9u6,BYU announces an in-person Fall semester with a shift to remote instruction after Thanksgiving,90,https://i.redd.it/wb994mgl3o651.jpg,58,2020-06-23 14:09:46+00:00,U8oL0,
f84xu9,So happy for everyone!,93,https://i.redd.it/98fjg4vnvli41.jpg,8,2020-02-23 05:02:31+00:00,None,
jklmlk,The pedo stache,90,https://i.redd.it/varqv2qiq2w51.jpg,6,2020-10-29 23:40:07+00:00,None,
f6nenb,Someone had to make it.,88,https://i.redd.it/usm4v7m480i41.jpg,3,2020-02-20 04:14:16+00:00,None,
k7oycq,Regarding today‚Äôs games,90,https://i.redd.it/aoa3ja0dmi361.jpg,9,2020-12-06 07:00:41+00:00,None,
iwseca,GO COUGS!,89,https://i.redd.it/7t732bdx3fo51.jpg,20,2020-09-21 03:10:00+00:00,butt-hole-eyes,
fhpffw,Dude with a sign,89,https://i.redd.it/rkid1x0vnbm41.png,4,2020-03-12 22:57:52+00:00,Haephestus,
i0e4i5,Provo party influencers at it again ü§¶‚Äç‚ôÇÔ∏è,90,https://i.redd.it/a6wapckxpwd51.jpg,54,2020-07-30 02:38:11+00:00,illmatico,
h9ngal,"Last day of classes today, don't forget anything!",86,https://i.redd.it/hma2czwmo4551.png,5,2020-06-15 19:49:57+00:00,BYUMMBio,
fhasyi,Misinformation regarding COVID-19,85,https://www.reddit.com/r/byu/comments/fhasyi/misinformation_regarding_covid19/,11,2020-03-12 04:31:36+00:00,Sviribo,"Don't spread misinformation relating to COVID-19 & BYU. Discussing rumors and hearsay is fine as long as it's generally understood to be rumor/hearsay. Posting photoshopped images of the testing center website indicating a facility shutdown is not okay.

First time offenders will be banned for a week, repeat offenders will be permanently banned.

You have been warned."
f0xlvr,Wait for the damn light,85,https://i.redd.it/1z0ejymbkrf41.jpg,7,2020-02-08 20:57:15+00:00,peterbrownbyu,
hrxjoq,Explosion on Campus,87,https://www.reddit.com/r/byu/comments/hrxjoq/explosion_on_campus/,24,2020-07-15 22:24:11+00:00,butt-hole-eyes,"I just heard a bunch of fire engines go by so I pulled up the fire department radio and started listening. It appears there might have been some sort of explosion in the Clyde Building with one student injured, there is some sort of ""Chemical haze"" in the hallway apparently. I'm listening to them coordinate decontaminating other students. Doesn't sound like there is anymore danger to students or the building.

Does anybody here got an idea of what could be in the labs in the Clyde that could blow up?

EDIT: Grammar

EDIT: Just heard them say it is an active Hazmat incident

UPDATE: They said that magnesium silicon and hydrochloric acid may have been involved in the incident. They've designated the bottom floor as the ""hot zone"". "
f0gxwo,Found at Helaman Halls. I'm impressed by the talent and dedication!,88,https://i.redd.it/4jw4jxzhhkf41.jpg,5,2020-02-07 21:08:57+00:00,survivorsof815,
fs3fp0,"Apparently Heritage Halls didn‚Äôt get the memo? Games like this are still happening almost every day. ‚ÄúTo slow the spread of COVID-19, BYU currently prohibits gatherings of any size‚Äù",84,https://i.redd.it/xpef1p0xrwp41.jpg,32,2020-03-31 01:10:04+00:00,U8oL0,
fglkww,BYU be like,84,https://i.redd.it/rp4bf2jq3vl41.jpg,13,2020-03-10 21:37:00+00:00,evilsbane60,
hn6jp9,BYU lowers required hours for scholarships from 14 to 12,80,https://i.imgur.com/zfQjAh0.jpg,8,2020-07-08 00:17:43+00:00,zachary_timoun,
fg23s7,A person who has been diagnosed with COVID-19 attended the BYU vs Gonzaga game. RIP to us all.,84,https://twitter.com/byu/status/1237114903795625984?s=21,32,2020-03-09 21:20:36+00:00,jonyoloswag,
eic6q0,A shoutout to this Coug at the Alamo Bowl!,82,https://i.redd.it/5vt1xz70n2841.jpg,3,2020-01-01 01:38:49+00:00,plukehansen,
i8ox05,Hey guys don't go buy textbooks this semester.,84,https://www.reddit.com/r/byu/comments/i8ox05/hey_guys_dont_go_buy_textbooks_this_semester/,52,2020-08-12 23:35:40+00:00,spclguy444,"Use this site to get free e-books of everything:

 [https://b-ok.xyz/](https://b-ok.xyz/) 

Search by name and/or ISBN.

You're welcome."
g2tt1k,Watch out!! More white supremacist propaganda is appearing around campus. Taken outside of the Crabtree building. I removed it and called campus police.,81,https://i.redd.it/qqa3rcneoat41.jpg,80,2020-04-17 03:07:44+00:00,U8oL0,
f6ki23,Shaving Brigham Young‚Äôs Beard,85,https://www.reddit.com/r/byu/comments/f6ki23/shaving_brigham_youngs_beard/,2,2020-02-20 00:37:42+00:00,None,"The post about the honor code changes reminded me of a web page I made a few years back.

I was working an on-campus job at BYU at the time. One of my artistically gifted coworkers photoshopped Gordon B Hinckley‚Äôs neck onto a painting of Brigham Young so we could speculate about what he would‚Äôve looked like without a beard. I took the joke a step farther and put it on a webpage where you could apply shaving cream and shave BY interactively. Thought you guys might get a kick out of it like I did!

Website: https://lincoln-b.com/projects-folders/brigham/plain.html

(Unfortunately the page doesn‚Äôt work on mobile, need to be on a laptop or desktop computer)"
acp5fo,"That good clean fun, you know.",82,https://i.redd.it/mpmsbodhzg821.png,1,2019-01-05 01:22:35+00:00,DwarvenTacoParty,
hiy4d2,Best campus in the world. Taken from the Y on the mountain this morning. What a strenuous hike!!,84,https://i.redd.it/p33lawp5m4851.jpg,13,2020-06-30 22:46:31+00:00,Harmonic7eventh,
k79tsq,"At BYU, conservatives feel free to speak ‚Äì liberals, not so much. Professors, including BYU journalism professors interviewed for this story, also say that they feel that they cannot speak freely at the university ‚Äì including about the issue of limitations on speech. They asked not to be quoted.",77,https://www.thecentersquare.com/utah/at-byu-conservatives-feel-free-to-speak-liberals-not-so-much/article_23a73c8a-35a6-11eb-b83b-071070da41cc.html,65,2020-12-05 15:55:08+00:00,Chino_Blanco,
itcpmk,Everyday I check and everyday I am disappointed that I have to wait until Friday.,78,https://i.redd.it/yc0eahccdcn51.jpg,9,2020-09-15 16:53:19+00:00,KrustyKlown2018,
g258v5,The Real Problem,80,https://www.reddit.com/r/byu/comments/g258v5/the_real_problem/,10,2020-04-16 01:18:49+00:00,srirachasauce01,"Okay guys. We can talk about going home because of the virus, class being online, etc., but the REAL problem is right in front of us on Learning Suite. Not the lag. No, my friends, it's the fact that myself and others took ""MIDTERMS"" today, the last day of class. Dear professor, April 15 is not the middle of the term. Thank you."
fd2lw6,uVu iS a GoOd SchOoL,77,https://i.redd.it/zap7k41f8jk41.jpg,48,2020-03-03 22:17:23+00:00,None,
dd1q47,I'd just like to give a shout-out to any professors who might lurk this sub that don't schedule heavy assignments or exams over Conference weekend. You're the real MVP's.,83,https://www.reddit.com/r/byu/comments/dd1q47/id_just_like_to_give_a_shoutout_to_any_professors/,1,2019-10-04 03:16:23+00:00,None,
dcrdgz,@my favorite campus BYU,78,https://i.redd.it/dwbc67zb2cq31.jpg,2,2019-10-03 14:06:20+00:00,bnand,
c7gnay,MRW I'm walking around campus and there are EFY kids everywhere,80,https://i.imgur.com/haZWC9a.jpg,3,2019-06-30 16:48:13+00:00,None,
jsi2xx,The Movement has begun,82,https://www.cnn.com/2020/11/11/business/ups-end-beard-ban/index.html,8,2020-11-11 22:30:46+00:00,Nova_Maverick,
fthqu6,The beard ban is preventing me from harnessing the full potential of my Viking blood,79,https://www.reddit.com/r/byu/comments/fthqu6/the_beard_ban_is_preventing_me_from_harnessing/,19,2020-04-02 07:04:32+00:00,None,"Yes, yet another beard ban post. But after school went online and I let my beard grow for a week I realized just how much better I look with a beard. I feel freaking neutered like I‚Äôm literally being put at a disadvantage. BYU wants me to get married but they‚Äôre not letting me be my most attractive and more importantly most confident self. I was trying to get in shape for the first time in my life before corona but once the gym reopens I‚Äôm gonna hit it hard so I can finally throw logs across a field like my ancestors intended and then I‚Äôm gonna graduate and grow my freaking beard and conquer the world. I WILL NOT BE STOPPED."
f8gyqf,Meme a day until the beard ban is overturned: day 2,79,https://i.redd.it/igrbpvh40ri41.jpg,5,2020-02-23 22:19:20+00:00,None,
er1oto,When you look in your pantry after getting back from your parents' house,77,https://i.redd.it/l01dxgt4osb41.jpg,1,2020-01-19 20:23:58+00:00,HermanitaG,
bmdb9w,"*Elle Woods Voice* what, like it‚Äôs hard?",79,https://i.redd.it/bwtmp3tv13x21.jpg,9,2019-05-09 00:47:53+00:00,vanquishthefoe,
jjtkyj,Feeling dumb at BYU,78,https://www.reddit.com/r/byu/comments/jjtkyj/feeling_dumb_at_byu/,32,2020-10-28 18:38:58+00:00,Jaboticaballin,"I‚Äôm sure others have posted about this before, just wondering if there are others out there who have had similar feelings. I was near the top of my class in high school without ever having to try to hard.
Now I‚Äôm a junior at BYU and feel like although I‚Äôm working harder than I did back in high school (let‚Äôs face it, high school was kind of a joke) I can‚Äôt seem to do nearly as well as my peers in any of my classes. You go from being one of the handful of smart kids in high school to being below average at BYU (I‚Äôve got to stop checking the class grade stats on learning suite). Am I doing something wrong or is this a fairly common experience? I wish I could snap my fingers at just not care, but it‚Äôs not that easy."
fj93aw,"Hey, at least you made it in 4 years",78,https://i.redd.it/y008acgpowm41.jpg,0,2020-03-15 21:39:40+00:00,Saraline16,
f4e4xw,You can always count on complete strangers,79,https://imgur.com/q08lwuc,3,2020-02-15 19:17:15+00:00,Epic_Doughnut,
d15t1v,Tennessee fan here.....,80,https://www.reddit.com/r/byu/comments/d15t1v/tennessee_fan_here/,6,2019-09-08 03:16:50+00:00,Scarecrow_G,"Great, hard fault, come from behind win tonight guys. For those of you in Knoxville I hope you have had a great time. Good luck the rest of the season."
bapgup,Am I the only one that just doesn‚Äôt care?,77,https://i.redd.it/v5dwxw73zyq21.jpg,30,2019-04-08 04:40:21+00:00,None,
fxwfo1,"Noting my Corona/summer beard, I was asked what I would do if a company I wanted to work for had a rule against beards like BYU",76,https://www.reddit.com/r/byu/comments/fxwfo1/noting_my_coronasummer_beard_i_was_asked_what_i/,37,2020-04-09 17:18:06+00:00,None,"I responded, ""I would take it as a red flag that the company's management are power tripping and more concerned about controlling their subordinates than managing them.""

For a lot of BYU professors and administration, I think this is at least part of why the beard rule persists, apart from an outdated notion of professionalism and what a beard says about a person. I've heard of professors threatening to fail students who haven't shaved, and heard many a rant about what it means to just ""follow rules"" even if we don't understand them. For people like that, it's about control."
fh6h3g,"They complain about US just WALKING on the lawn, and then they go and do THIS to it",77,https://i.redd.it/u8rdmhdpm4m41.jpg,13,2020-03-11 23:19:04+00:00,WiJaMa,
fgrvm0,My wife made this (courtesy of IFA chicks in Provo),79,https://imgur.com/BM2Tz8L,2,2020-03-11 05:00:11+00:00,None,
jgyc1n,This email from the Quaran-Dean,74,https://i.redd.it/djc90pngixu51.jpg,15,2020-10-23 23:28:38+00:00,KahootIII,
iyhz09,Turning down invitations,79,https://www.reddit.com/r/byu/comments/iyhz09/turning_down_invitations/,38,2020-09-23 20:08:24+00:00,Jaboticaballin,"I know we like to blame the freshman at Helaman and Heritage halls for the spread of COVID through the BYU community, but I have a feeling those of us (myself included especially) who haven‚Äôt thought of ourselves as being part of the problem might be wrong. 

I‚Äôve been to multiple game nights, movie nights, etc. in the past few weeks at my complex, and even though they were all low key small group settings, I can‚Äôt help but think that it‚Äôs in these kinds of settings (where, let‚Äôs be honest, no one is wearing a mask) that COVID is spreading rampantly. 

Anyways, I‚Äôve seen a lot of people share online President Worthen‚Äôs letter about COVID spread at BYU. From what I understood, even small group gatherings outside of class and church are discouraged. I‚Äôve been invited to some small group social events this weekend, and I‚Äôm not sure how to approach my friends and say we shouldn‚Äôt even be getting together without sounding self righteous and dumb. 

Any advice? I hope that my experience has been an anomaly when it comes to frequent groups with no masks."
fdo6ph,I stand with the protestors,75,https://www.reddit.com/r/byu/comments/fdo6ph/i_stand_with_the_protestors/,6,2020-03-05 02:17:51+00:00,pinnnnnnnnnnnn,I‚Äôm so glad we have so many people who turned out to support the LGBT student body
fb0ss9,A challenging dilemma,80,https://i.redd.it/f4m66ynl2qj41.jpg,3,2020-02-28 20:12:39+00:00,llgunnell7,
ells9y,Anyone else notice these in the cannon?,74,https://i.redd.it/jg7t1s6bpg941.jpg,1,2020-01-08 02:00:48+00:00,corn_carter,
jpxgxe,Utah officials plan to require all college students get tested weekly for Covid-19,77,https://www.sltrib.com/news/education/2020/11/06/utah-wants-require-all/,32,2020-11-07 20:18:03+00:00,Loobastank,
ibjiof,Thoughts on these regulations? (From BYU's Instagram),75,https://i.redd.it/n5o31qrdtlh51.jpg,67,2020-08-17 18:14:25+00:00,evilsbane60,
hfxg6q,Former BYU professor charged with sexually abusing a student - The Daily Universe,74,https://universe.byu.edu/2020/06/25/former-byu-professor-charged-with-sexually-abusing-student/,32,2020-06-26 00:20:22+00:00,U8oL0,
gr5zvc,BYU delaying fall registration to July,75,https://i.redd.it/6ua8hu0jf6151.png,11,2020-05-26 21:24:14+00:00,U8oL0,
j0do8k,"Is it just me, or does everyone have substantially more hw this semester?",74,https://www.reddit.com/r/byu/comments/j0do8k/is_it_just_me_or_does_everyone_have_substantially/,32,2020-09-26 20:55:17+00:00,wrinkled_rooster,"I've talked to many people from a wide variety of disciplines, and the general consensus seems to be that most people are getting much more homework than usual, and many many more people are reporting greater stress. Is this a legit campus-wide thing we are observing? 

Theory: BYU told the professors to give everyone more hw under COVID precautions.

My guesses why: 

A) To make us feel like we are still getting our money's worth in spite of less in-person interaction.

B) To keep us stationary. If you are busy doing hw all the time, you'd think people would be less likely to move places, go on dates, hang out with friends, etc. Could this be a bit of...um...encouragement (cough* manipulation*) to comply with COVID precautions?"
fj4d7r,Is Mutual even still a thing though?,75,https://i.redd.it/r2zzp3iw9vm41.jpg,3,2020-03-15 16:55:29+00:00,None,
fhzsiy,The plight of the on-campus worker,74,https://i.redd.it/c56n654b1gm41.jpg,8,2020-03-13 13:40:01+00:00,panthr_02,
kaw4ox,"What, forgot to talk to Bishop about tithing last week?? Geez üò°üò°",72,https://i.redd.it/m0qxtmvroh461.jpg,0,2020-12-11 04:56:35+00:00,wrinkled_rooster,
im93xk,Learning Suite is finally down...It's a new record!,72,https://www.reddit.com/r/byu/comments/im93xk/learning_suite_is_finally_downits_a_new_record/,17,2020-09-04 04:08:44+00:00,ROFLpwn01,We made it almost a week into the semester without it crashing. I see this as an absolute win. It seemed they beefed up their servers quite a bit but it could only withstand so much.
f1tf07,Ultimate flex,75,https://i.redd.it/yh3j5nrpq4g41.jpg,10,2020-02-10 17:16:14+00:00,peterbrownbyu,
dvloxs,BYU Stereotypes 1 - The Freshman Boy Pre-Mission,69,https://i.redd.it/rxwvpdhqhdy31.jpg,4,2019-11-13 03:28:21+00:00,spclguy444,
kdstmu,Due to non-compliance with the campus mask policy the reading room is closed for the rest of the year,73,https://twitter.com/byu_hbll/status/1338930070035939333?s=21,48,2020-12-15 19:43:59+00:00,U8oL0,
jykn02,Clean Comedy‚Ñ¢Ô∏è,72,https://i.redd.it/7cwot5h7do061.jpg,2,2020-11-21 23:07:39+00:00,dispossessedcat,
ian74a,looking for friends!,69,https://www.reddit.com/r/byu/comments/ian74a/looking_for_friends/,7,2020-08-16 05:46:21+00:00,highjinkies,"hello! i‚Äôm a 21 year old female byu student and as the title says i‚Äôm looking for friends! i‚Äôve had a hard time finding open minded, kind people at byu. i know they exist but i find more judgmental people than not. i‚Äôm someone who struggles with their faith a lot and would love to have friends that can relate and people i can talk to about it! please message me if you‚Äôre interested. much love."
hblr7g,Notice the logo on the chair. This is cool.,71,https://v.redd.it/2rvoo8gj3p551,2,2020-06-18 19:58:15+00:00,HeatZenX,
fie9ec,3 days of class canceled=BYU Spring Break,72,https://i.redd.it/tsmzud452lm41.jpg,0,2020-03-14 06:33:35+00:00,Saraline16,
fb13kc,yikes,70,https://i.redd.it/f83508m36qj41.jpg,6,2020-02-28 20:32:17+00:00,LordFugu,
dg00n2,The Universe...,70,https://i.redd.it/u2bdb8ywjqr31.jpg,1,2019-10-10 15:53:57+00:00,live_sheck_wes,
8t3ikf,If I ever transfer to another university,72,https://i.redd.it/kdr7r2eufl511.jpg,5,2018-06-22 18:13:39+00:00,butt-hole-eyes,
kaisek,"Just occurred to me that of all major U.S. universities, BYU probably has the most undergraduates old enough to legally buy alcohol.",73,https://www.reddit.com/r/byu/comments/kaisek/just_occurred_to_me_that_of_all_major_us/,11,2020-12-10 16:46:33+00:00,_iam_that_iam_,
iz6z38,Please stop thinking you're experts after taking some undergrad classes lulz,72,https://i.redd.it/i3wioaek56p51.jpg,16,2020-09-24 22:07:17+00:00,evilsbane60,
few0tr,Lest we forget the real issue. SaveBYU.xyz,71,https://i.redd.it/lodd02dpj9l41.jpg,7,2020-03-07 14:46:31+00:00,austinchan2,
f8v8vq,YOUR BYU Cougars are #17 in Men's Basketball!,68,https://apnews.com/APTop25CollegeBasketballPoll,2,2020-02-24 18:04:49+00:00,ParedesGrandes,
f6d7tv,"Heritage Halls resident used underground tunnel system to steal food, police say.",70,https://www.heraldextra.com/news/local/crime-and-courts/byu-student-reportedly-used-underground-tunnels-to-steal-food/article_9e4568a4-47f1-5d20-afb2-e36dce56f49c.html,31,2020-02-19 16:34:57+00:00,yrdsl,
e9eaem,Good luck on your finals!!,73,https://i.redd.it/kz1afsfxs2441.gif,4,2019-12-11 22:22:31+00:00,HermanitaG,
jz4y7s,What's the deal with BYU guys (mostly business majors) putting that they were the AP on their LinkedIn profiles? Do they think that's going to impress someone?,66,https://www.reddit.com/r/byu/comments/jz4y7s/whats_the_deal_with_byu_guys_mostly_business/,68,2020-11-22 22:23:34+00:00,Roughneck16,"Has anyone else seen this?

Or how about guys who always work it into their sacrament meeting talks thinking it's going to impress the womenfolk?"
jelo1g,Proctorio is an invasion of privacy.,66,https://www.reddit.com/r/byu/comments/jelo1g/proctorio_is_an_invasion_of_privacy/,50,2020-10-20 08:49:09+00:00,jwcook56,"I totally support and want student integrity when it comes to taking exams, but the software Proctorio takes it too far. I think that it‚Äôs fine to have proctored exams online where they screen record and video record you, but I What I find an extreme invasion of privacy is when Proctorio asks you to give a 360 rotation of your room. Does this bother anyone else? I feel that they don‚Äôt have the right to see my entire room. It‚Äôs not like I have a cheat sheet in the corner of my room. They don‚Äôt pay my rent nor are they my landlord. My room is my privacy and they shouldn‚Äôt have a right to access it."
itklul,BYU announces it will update Coronavirus dashboard more frequently than once per week. We are currently at 560 total cases (330 active).,70,https://twitter.com/BYU/status/1306018609534304256,13,2020-09-15 23:57:00+00:00,U8oL0,
im3cxi,"Anyone else notice this sign on the second floor of the library? I used this area for one of my classes today, and it was nice to have a space to know I could answer a question for my class if I wanted to. Any other good places for Zoom classes?",69,https://i.redd.it/0ll000gea0l51.jpg,13,2020-09-03 22:07:13+00:00,kenna_chris,
gnfpzm,Summary of BYU Coronavirus relief situation,69,https://i.redd.it/n8lio3wmeyz41.jpg,11,2020-05-20 17:29:26+00:00,butt-hole-eyes,
ge4at7,I just confessed to a CS professor that I copied some code from Github,70,https://www.reddit.com/r/byu/comments/ge4at7/i_just_confessed_to_a_cs_professor_that_i_copied/,31,2020-05-05 19:28:24+00:00,BraveHoratio11,"I am devastated about what I have done, and when the professor released an email stating that some students have copied code, I came forward and confessed. It was an upper-level CS class, and I was swamped with school and work and made an incredibly dumb decision on one of my projects.

I understand that I may have some harsh consequences coming up, I am going to meet the professor over Zoom tomorrow. Sorry to post this here, I am just distraught and wanted to ask if any other students at BYU have gone through something like this? What were your experiences? Did you survive (I know it is a silly question, it just feels so earth-shattering right now)?

I have worked so hard  in my undergrad  and it is terrifying to think of what this may do...

&#x200B;

EDIT

So, one of the most stressful times of my life is now over and I honestly feel like a better person for the experience. The professor was incredibly kind and understanding, and assured me that life will go on. I felt guilt and stress about copying code for that project for months, and allowed it to hurt me, and I encourage any others who may be in a tight situation to never copy code/cheat/take the shortcut. Reach out to your professor, they are surprisingly understanding, before you make a bad choice. If, like me, you have already made the choice, try to do the honest thing. You will feel better afterwards.

&#x200B;

If anyone is a CS student and struggling in a class, feel free to reach out to me. I may be  able to talk through a  concept you are not understanding for a class, or something similar. If nothing else, I am willing to talk!"
fjoyai,"If you're leaving/left and need someone to take your plants, I will!",69,https://www.reddit.com/r/byu/comments/fjoyai/if_youre_leavingleft_and_need_someone_to_take/,11,2020-03-16 17:42:45+00:00,yellowdajaj,I live in Salt Lake but I am willing to come get any plants that have to be left behind and take care of them until you get back!! Stay safe loves!
fegv67,An appropriate protest,71,https://www.reddit.com/r/byu/comments/fegv67/an_appropriate_protest/,16,2020-03-06 17:29:43+00:00,captcrashidaho,As an alumni I suggest men stop shaving.  The HCO will become so business hassling men with beards they won't have time to worry about Gay PDAs.
fc2bud,To their credit I've actually gotten through with several days of stubble - depends on which employee you get,71,https://i.redd.it/b2elmfa765k41.jpg,10,2020-03-01 23:00:17+00:00,None,
aw4n1p,A lieutenant with BYU police shared private reports with the honor code office investigating students when he shouldn‚Äôt have. And new info shows he did it for two years.,71,https://www.sltrib.com/news/2019/02/28/lieutenant-with-byu/,17,2019-03-01 13:02:24+00:00,parachutewoman,
kbzd8w,Wishing BYU a merry Christmas from all the Christians/Mormons that attend UC Irvine! ‚ù§Ô∏è,68,https://www.reddit.com/r/byu/comments/kbzd8w/wishing_byu_a_merry_christmas_from_all_the/,14,2020-12-12 23:21:37+00:00,pineapple32634,Hope you all are having a safe holiday! üëç
b8k6y4,My professor‚Äôs reaction when I withdraw from their class only to try and take it again the next semester,71,https://i.imgur.com/obivSX5.jpg,4,2019-04-02 14:49:58+00:00,None,
j9sj4o,Winter semester classes will begin one week later than planned on January 11,65,https://enrollment2.byu.edu/academic-calendar?2021,6,2020-10-12 15:05:49+00:00,U8oL0,
j40sxg,Parking enforcement is getting out of hand south of campus.,63,https://i.redd.it/c6jez8qgcqq51.jpg,23,2020-10-02 19:06:55+00:00,None,
cxcigj,There's always next year,67,https://i.imgur.com/tZLGOXy.jpg,8,2019-08-30 05:19:03+00:00,None,
jy8bxt,Are you ‚ÄúAll In?‚Äù,66,https://www.reddit.com/r/byu/comments/jy8bxt/are_you_all_in/,40,2020-11-21 09:58:10+00:00,Cadegc13,"The Instagram account byucougars posted a short clip on their account about being ‚Äúall in.‚Äù They then go on to explain that, that means they want you to donate to the athletic program because it‚Äôs going to have a huge financial loss by 2021. I‚Äôm not sure how I feel about this video. We‚Äôre sort of in that whole worldwide pandemic still and financially things are tough for people already. I don‚Äôt think sports and donating to them is really necessary right now considering they aren‚Äôt essential. Maybe go watch it and let me know what you think. Maybe I‚Äôm just being sort of bitter for no reason, but maybe I‚Äôm right that sports aren‚Äôt very essential and you shouldn‚Äôt be asking for donations during a pandemic. Idk, let me know what you think!"
jy1ahy,Heads up for anyone that lives in Hellman halls or around that area.,66,https://i.redd.it/g7ars6vsph061.jpg,18,2020-11-21 00:45:59+00:00,KrustyKlown2018,
iswulr,BYU is giving out a final warning it seems.,63,https://i.redd.it/ntfzvzse77n51.jpg,4,2020-09-14 23:31:09+00:00,Worldring199,
fo0w27,If corona doesn‚Äôt take me out will you??!1,63,https://i.redd.it/oay8yu2lnko41.jpg,2,2020-03-24 07:20:16+00:00,None,
f8520l,WHAT. A. GAME,62,https://www.reddit.com/r/byu/comments/f8520l/what_a_game/,3,2020-02-23 05:13:26+00:00,backtosnack,"What. A. GAME! Seriously the most exciting college basketball game I've watched in a long while. BYU is a dangerous team and they have a great chance for March Madness, for the first time since prime Jimmer time. Congrats to BYU for breaking Gonzaga's 40 straight west conference main season streak. BYU deserved it. This was the loudest game I've ever watched. Those BYU students were going crazy. There was also a TON of fouls by both teams, but especially BYU, which could be something that hurt them in March Madness. Overall, Gonzaga is still a huge threat even after this game, but I could say the same thing about BYU too. Really enjoyed, both teams played at very high levels of play."
ev74og,Every semester be like,67,https://i.redd.it/l0kczgg6ijd41.jpg,7,2020-01-28 15:42:44+00:00,butt-hole-eyes,
bj5v5n,BYU ranked by Forbes as America's Best Value College,65,https://www.forbes.com/best-value-colleges/#2e28950a245b,14,2019-04-30 17:12:43+00:00,Discipulus_xix,
av5gsp,"Guest opinion: Everyone loved me as Cosmo the Cougar, but would they love who I was behind the mask?",67,https://www.deseretnews.com/article/900057600/guest-opinion-everyone-loved-me-as-cosmo-the-cougar-but-would-they-love-who-i-was-behind-the-mask-byu-lgbt-gay.html,7,2019-02-26 22:24:41+00:00,M00glemuffins,
jm5fr5,Does anybody know what happened with the tribe party last night? Did the girl die?,65,https://www.reddit.com/r/byu/comments/jm5fr5/does_anybody_know_what_happened_with_the_tribe/,40,2020-11-01 16:49:33+00:00,live_sheck_wes,"I know there was a massive party last night in Saratoga springs where a ton of police ambulances and a helicopter all showed up.

I‚Äôve heard there was a girl who was injured very badly.

Has anyone seen a news article on this yet or have more information?"
jcbpsl,BB Gun Attack on 9th East,67,https://www.reddit.com/r/byu/comments/jcbpsl/bb_gun_attack_on_9th_east/,39,2020-10-16 15:20:06+00:00,crap_on_a_crayfish,"Hey friends! This is a PSA to let you all know that my cousin was walking back to her apartment last night down 9th East when she was shot in the face with a BB gun by some people hiding in the empty Park Plaza complex. 

Be aware and stay safe!


(Cousin is doing ok. The BB just missed her eye so she‚Äôs got a big bruise but will be just fine)"
j0tk2s,2020 would be the year BYU football is playing fantastic,64,https://i.redd.it/mnm14wk7rpp51.jpg,18,2020-09-27 16:02:27+00:00,None,
iovxox,We may need to put this on a graph soon,61,https://i.imgur.com/FQBdsaD.jpg,46,2020-09-08 15:44:16+00:00,zachary_timoun,
ihxy46,Provo mask mandate passed,65,https://www.sltrib.com/news/2020/08/27/provo-city-council/,37,2020-08-28 01:28:30+00:00,Lookathebrightside,
je6g2o,"Drink too much chocolate milk, BYU?",64,https://i.redd.it/1jhu3g0693u51.jpg,10,2020-10-19 17:42:50+00:00,austinchan2,
j9xp7g,"If any school but BYU did this, there would be a huge crapstorm",64,https://i.redd.it/8nolb9iptps51.png,96,2020-10-12 19:29:26+00:00,None,
j674qd,So are parties discouraged or not?,60,https://i.redd.it/bcvm5m5tthr51.jpg,8,2020-10-06 15:31:02+00:00,None,
fa7e3q,I've worked as security at the HFAC and that place is a maze,66,https://i.redd.it/g1enpi97acj41.png,3,2020-02-27 05:39:46+00:00,ROFLpwn01,
f8bcc8,Bigger legend.,64,https://i.redd.it/2v10ct2o5pi41.jpg,5,2020-02-23 16:03:57+00:00,None,
izxtim,Off of my chest,64,https://www.reddit.com/r/byu/comments/izxtim/off_of_my_chest/,50,2020-09-26 02:53:18+00:00,Anonymous_CapitalF,"I have no doubts BYU has a lot of great and supportive people in the community, but I‚Äôve been recently feeling a lot of hostility among us. It‚Äôs just a personal rant that I just want to get off my chest. In no way do I like to point fingers at anybody specific. 

I had a friend recently that was posted on a social media page where they denounced him of not wearing a mask. He just had it off for a couple of minutes to get that dampness off of his face. He wasn‚Äôt speaking to anyone, nor did he have malicious intent. I know this because I was there with him. And yet, people on the media treated him as if he was some sort of criminal. I would‚Äôve understood if the person who posted the photo would‚Äôve approached us and gave him a friendly reminder. But we received no such warning. Now, I don‚Äôt want to say who is wrong here. My friend, who is not wearing a mask, is at fault, but did he deserve such treatment? I also cannot agree. 

I‚Äôm personally not religious. But, I was a little surprised by how some, perhaps only minority, choose to act in these desperate times. Some people put their views and politics first that they forget the vital part. I don‚Äôt think most of the students have malicious intent to spread the virus. I just don‚Äôt know if pointing fingers at each other and determining who is right or wrong is the correct thing. I was just a little upset to see that some students in a heavily religious school like BYU like to blame or watch other people being accused. I understand that it's frustrating to see others, not 100% complying with the rules, but I also don‚Äôt think Jesus Christ would have reacted the way some people are reacting. 

There are just some personal thoughts that I wish to share with the community. I'm completely okay with people sharing different views or even disagreeing. 

I know most of you are great people out there. I hope you guys keep doing great things!"
ihzzmy,Heritage Halls tonight. Footage of the eye of the hurricane about to ravage campus:,63,https://v.redd.it/jjsjnl1n0oj51,20,2020-08-28 03:47:25+00:00,nikond750,
ft96a7,"The virus is having a sizeable impact on nearly all students' lives, so I created a Minecraft server that is solely for university students. Please join if you wish!",63,https://www.reddit.com/r/byu/comments/ft96a7/the_virus_is_having_a_sizeable_impact_on_nearly/,18,2020-04-01 21:34:14+00:00,tasasul,"Textbook is a nearly new Minecraft server that is solely for university students. It is meant to be a tight-knit server with zero add-ons and a close attention to a classic Minecraft experience. Our goal is to have a fun community of people who love Minecraft and play regularly or semi-regularly. This is a Java server. You can certainly make friends on this server!

We have just recently started (about two weeks ago or so), so check us out. This is a link to our Discord server. Now is the perfect time to join.

[https://discord.gg/N2unAV8](https://discord.gg/N2unAV8)

Stay healthy out there, practice social distancing, and make sure to take it easy once in a while!"
gr34ug,Maybe there is hope!,61,https://i.redd.it/hx7ureo6p5151.jpg,15,2020-05-26 18:56:18+00:00,Cadegc13,
fiq0tu,Email from OCH Office (to landlords),60,https://www.reddit.com/r/byu/comments/fiq0tu/email_from_och_office_to_landlords/,27,2020-03-14 21:36:59+00:00,austinchan2,"Landlords, Owners, Property Managers,

The Off-Campus Housing Office is experiencing a heavy volume of inquiries concerning the contract release process. We are asking student‚Äôs to communicate with their landlord‚Äôs or the landlords‚Äô agent(s) concerning release.  The OCHO recognizes that the contract is a legally binding agreement between the landlord and the student.  However, the OCHO strongly encourages landlords and their agents to consider the value of releasing students. 

BYU has encouraged students to consider leaving campus and return home to finish Winter semester through remote coursework. We recognize individual circumstances may not allow this. (See www.byu.edu/coronavirus for more information.) The intent of this announcement was to allow students the option, when feasible, to improve social distance in the community and their living environment, thus slowing the transmission of the COVID-19 virus. 

Please be advised that in the event the community experiences a high volume of infected and sick students, the landlords will be required to follow the direction of state and local health departments.  By agreement, landlords will be required to quarantine and isolate students.  Landlords will need to provide housing to those impacted, which may include providing quarantined housing to affected students who can no longer reside in their own apartments.  The OCHO asks that landlords carefully examine the risks associated with keeping all residents under contract.  The university will not provide solutions to housing dilemmas which may arise in your properties.  You will be responsible, by contract, for meeting the needs of those students under contract. 

The landlord contract states (#18): ‚ÄúLandlord agrees to maintain the facilities in accordance with all applicable federal, state, county, and city laws or ordinances and with the applicable Minimum Specifications for BYU Contracted Off-Campus Housing shown in Section 20 of the Handbook. Landlord agrees to comply with any reasonable requests of the BYU Off-Campus Housing Office relating to the safety or general welfare of tenants, and correct any failures to comply with such laws, ordinances, and specifications in a reasonable time.‚Äù

See Section 16/Management Requirements; Section 17/Respond Promptly to Problems; Section 20/The Minimum Specification in the Off-Campus Housing Handbook. (https://och.byu.edu/landlord-resources)

We ask that you carefully consider the importance of assisting the students during this extraordinary time. 

Respectfully,

The Off-Campus Housing Office"
fe77m2,It all makes sense now.,60,https://i.redd.it/34yd6mslyyk41.jpg,8,2020-03-06 03:10:26+00:00,D4ncingEyes,
joxsd8,Provo precincts around BYU turned blue on Election Day,60,https://www.fox13now.com/news/election-2020/provo-precincts-around-byu-turned-blue-on-election-day,71,2020-11-06 03:47:13+00:00,illmatico,
iphvyk,As of Sept. 8,61,https://i.redd.it/66lpliy735m51.png,43,2020-09-09 15:19:57+00:00,Loobastank,
d71fcc,Just saw this at the gas station. Made me smile üòä,62,https://i.redd.it/ax6evpuahtn31.jpg,5,2019-09-20 21:28:15+00:00,Twitch_Takarta,
bf3ku4,people who work at the HBLL have their hands full on finals week,60,https://i.redd.it/0cmrcbv21at21.jpg,2,2019-04-19 19:59:22+00:00,Tay23m,
bem62q,Have you ever been accused of cheating at BYU? What happened?,58,https://www.reddit.com/r/byu/comments/bem62q/have_you_ever_been_accused_of_cheating_at_byu/,24,2019-04-18 14:25:38+00:00,Roughneck16,"My story:

I was in [CEEN 321](https://catalog.byu.edu/engineering/civil-and-environmental-engineering/structural-analysis). For a homework assignment, we had to do [influence line diagrams](https://en.wikipedia.org/wiki/Influence_line). My friend and I did ours together. In my haste, I wrote the wrong conditions in the problem set-up, but still solved the problems correctly.

After class, the professor called me into his office and said he suspected me of copying my friend's homework. I denied it, saying we had done the assignment together and I just mistranscribed some information from the book. ""Here's an idea,"" I said, ""why don't you give me a ILD problem now to prove that I'm not just copying?"" He smiled. ""That's exactly what I'm going to do.""

He reached under his desk and handed me a paper with a problem on it. I sat down and solved it in just a few minutes.

He examined it. ""Okay then, never mind. You're free to go.""

The HCO was never involved.

How about you? What's your story?"
apkyv5,I wrote a book about student social life at American colleges. BYU is chapter 20!,63,https://www.reddit.com/r/byu/comments/apkyv5/i_wrote_a_book_about_student_social_life_at/,34,2019-02-11 21:01:50+00:00,thestudentsyes,"Hey everyone, this is the first time I've shared anything about my book on the internet, and I'm sharing with the BYU subreddit because you all were the friendliest students when I visited.

When I was 20 years old, I went on a year long road trip around the USA to try to document the ""college experience."" I spent one week each at 23 of the nation's most interesting campuses. At each school, I would find a random student who would agree to host me. I'd sleep on their couch, go with them to class, sit next to them while they studied, and go with them to parties. Each chapter tells the true story of one week in the life of that person.

The BYU chapter has been a favorite chapter for many early readers. A lot of the book focuses on the partying, drinking, and hooking up that happens at most college campuses. But BYU was a completely different experience, and it was my happiest week out of any school.

I personally think that the BYU chapter of this book is one of the best explanations of Mormon culture for outsider readers who don't know much about Mormonism. A lot of my friends who aren't religious have read this chapter and told me they wished they could move to Provo.

You can read the beginning of the chapter here. [https://www.thestudentsyes.com/byu-excerpt](https://www.thestudentsyes.com/byu-excerpt)

If anyone wants to read the full chapter, just PM me. I'd share the full thing here, but Amazon only allows me to put 10% of the book for free on my website.

I'm curious to hear feedback!

(Edit‚Äî all the names are changed so everyone is anonymous)

https://i.redd.it/avf57kyp70g21.jpg"
jwqphf,"Be honest. How many of you have ever wanted to hide from security in the library after hours? If you could do it, where would you hide to sleep in the library? üòÜ",60,https://www.reddit.com/r/byu/comments/jwqphf/be_honest_how_many_of_you_have_ever_wanted_to/,31,2020-11-18 23:06:16+00:00,wrinkled_rooster,"Personally, I'm partial to the single, private bathroom on the second floor, but I'm curious about y'alls favorite places. Fire away ü§£ü§£"
gjp8mx,BYU says decision about fall semester won't be made until July - The Daily Universe,60,https://universe.byu.edu/2020/05/14/byu-struggles-with-decision-about-fall-semester/,10,2020-05-14 16:06:23+00:00,U8oL0,
fs1lpx,Hmm...,59,https://i.redd.it/iwyxl3yt7wp41.png,19,2020-03-30 23:17:40+00:00,None,
fhnrw3,There goes my graduation plans,57,https://i.redd.it/n2acmfgq5bm41.jpg,3,2020-03-12 21:15:54+00:00,regan4001,
fh8qm1,"Just received this from one of my professors. NOT official, but possibly cancelled classes for the rest of the semester.",59,https://i.redd.it/bl975etle5m41.jpg,30,2020-03-12 01:54:58+00:00,reasonable_doubt1776,
fdh2ji,Letter from Church Educational System clarifying the recent Honor Code changes,60,https://i.redd.it/cocjh4sf5pk41.png,82,2020-03-04 18:11:21+00:00,U8oL0,
jrocnu,Heritage halls anyone? Haha,61,https://v.redd.it/a0esfa2l9cy51,6,2020-11-10 16:43:48+00:00,CrackedTurtleShell,
hiae27,The Add/Drop deadline for summer semester is today!! Don't forget!,60,https://i.redd.it/iuewam5qdx751.png,3,2020-06-29 22:27:01+00:00,BYUMMBio,
grbksk,This is where they test edits. Sdsfsffddfssdf,63,https://enrollment.byu.edu/admissions/test-edits-page,6,2020-05-27 03:04:26+00:00,Haephestus,
f927zu,A meme a day until the beard ban is overturned: day 3,57,https://i.redd.it/n4090vt84zi41.jpg,9,2020-02-25 01:34:01+00:00,None,
d4ifke,To celebrate BYU football‚Äôs surprise wins...,57,https://i.redd.it/rddui5rwaqm31.jpg,6,2019-09-15 09:42:48+00:00,Roughneck16,
75k7x8,A meme from Byu memes and my uncle's reaction,60,https://i.redd.it/otq849lmj2rz.jpg,3,2017-10-10 21:14:16+00:00,Ryko369,
kb9a88,Am i just stupid?,62,https://www.reddit.com/r/byu/comments/kb9a88/am_i_just_stupid/,55,2020-12-11 19:19:43+00:00,Cadegc13,"So this is my first semester at BYU. I transferred here from BYU-Idaho. In high school I was a mostly A student with a B here or there. BYU-Idaho wasn‚Äôt any different. Now I‚Äôm here and I‚Äôm looking at my final grades for classes and weighing in what I‚Äôll most likely get on my finals based on previous tests and I‚Äôm probably going to walk out of there with a C, maybe two, and mostly B‚Äôs. And A If I‚Äôm lucky. Sometimes I feel like I‚Äôm the dumbest kid here because I‚Äôm not getting straight A‚Äôs. Does anyone else get C‚Äôs here or am I really just not as smart as everyone else? üòÖ"
j3rhv4,"May conference enlighten our souls (Physics 220, not final score)",58,https://i.redd.it/e7q100fjhnq51.png,20,2020-10-02 09:28:49+00:00,ROFLpwn01,
ix463o,The U is moving online for two weeks starting Sunday,60,https://www.fox13now.com/news/local-news/u-of-u-to-close-for-two-weeks-for-covid-19-circuit-breaker-and-vp-debate,8,2020-09-21 16:48:51+00:00,nikond750,
hww8bl,"Local party group ‚ÄúThe Tribe‚Äù forced to cancel massive event & proceed to whine about it on ig. In other news, water is still wet. That‚Äôs all, folks",58,https://i.redd.it/955oek6otqc51.jpg,31,2020-07-24 05:44:18+00:00,Fresh-Static-Sn0w,
gxjd7g,"I saw this cat hanging around the Clyde building two or three times, so I decided to name it Clyde. I don't know if it's a stray or a roaming cat, but I'm curious and I'm wondering if any of you wonderful people have seen Clyde too",61,https://i.redd.it/xzgblgzuj7351.jpg,11,2020-06-06 03:20:53+00:00,llgunnell7,
gcef3b,"BYU gives out alumni association cards. Not sure if there‚Äôs any practical use, but I just got mine.",57,https://i.redd.it/y2yms12h7fw41.jpg,5,2020-05-02 21:34:09+00:00,Roughneck16,
flahtc,BYU student apartment resident tests positive for COVID-19,62,https://universe.byu.edu/2020/03/18/liberty-on-freedom-resident-tests-positive-for-covid-19/?fbclid=IwAR39KVB7VV9UWzs5aR4K1X5IerW_VmPQCJNrtGtM1ovdq5wnMOlo6CRiKMY,20,2020-03-19 14:01:39+00:00,PrecisionAcc,
fdw6hi,This subreddit is a garbage fire,62,https://www.reddit.com/r/byu/comments/fdw6hi/this_subreddit_is_a_garbage_fire/,22,2020-03-05 14:41:21+00:00,Antenociticus,"Look, I don't care whether you support the Honer Code crap going on or not; this sub is full of the most self-righteous, conceited morons I've ever seen.
Nothing in this sub ever takes off or gets higher than a couple hundred likes because regardless of what's posted half the group will downvote it!

""DoN't LiKe It, ThEn LeAvE!""
- fair point, if you're going whinge about everything, maybe just stop complaining so we can enjoy exactly what we signed up for. Understandable.
- fair point, why would I leave when I like BYU but hope it could be better? Great oppinion. Makes sense

""YoU'rE aCtInG lIkE a PhArIsEe!""
- and you're casting the first stone
- However, would it physically kill you to be a kinder person? We all know the rules, reiterating them doesn't win hearts, but showing love does.
- NOBODY CARES ABOUT YOUR MISSION OR YOUR MISSION PRESIDENT. WE ALL KNOW YOU HAD THE WISEST, MOST BESTEST, GRANDIOSITEST ONE IN THE WHOLE WIDE WORLD. WE ALL DID. YOU AREN'T SPECIAL.


Teh bruveren haff sayd
 - a whole lot of stuff. Fortunately when evaluating doctrine we don't actually have to care much about so and so and his BYU lecture from thirty years ago. Things change, policy changes, and sometimes what they say mounts to ""a well thought-out oppinion""
- this is a BYU sub, so esoteric, high-priest deep-end , Kolob-chasing, polygamy-propogating, blood-atoning, priesthood-barring, Book of Mormon-geographying, Zion-building obscuraties DON'T MATTER.



Along with all these necessary (but temporarily futile) discussion posts, can we please post things like:
""Free brownies in the Wilk""

""You should vote if you want to make a difference""

-Memes (don't even have to be good ones)

Can we do that? Can we please do that?

Mods, can you actually do your job and moderate this garbage fire?"
cz8bom,BYU_irl,60,https://i.imgur.com/2nIwDiN.jpg,21,2019-09-03 17:55:41+00:00,yrdsl,
k6qu0j,Student Ratings,58,https://www.reddit.com/r/byu/comments/k6qu0j/student_ratings/,31,2020-12-04 18:44:35+00:00,Jaboticaballin,"I usually don‚Äôt write too much on the end-of-semester student ratings. If anything I try to say nice things about my professors to give them brownie points with their department. This time around though, I went to town on everything they could do better (mainly by highlighting what they did wrong). I hope one professor in particular knows exactly how much he screwed up this semester. 

TL/DR - If you want better professors, don‚Äôt sugarcoat student ratings. Be brutally honest."
ex2jse,Follow up to my previous post about the beard rule. My experience writing President Worthen,57,https://www.reddit.com/r/byu/comments/ex2jse/follow_up_to_my_previous_post_about_the_beard/,36,2020-02-01 07:20:31+00:00,None,"I previously posted [this summary](https://www.reddit.com/r/byu/comments/em3vln/my_experience_meeting_with_an_associate_dean_of/) of my experience of meeting with Dean Ward. After that meeting, I left frustrated because I was essentially hitting a brick wall. I considered writing President Worthen then but decided that it would be fruitless at best. After an incident at the Testing Center, I was rather in a huff and decided to write President Worthen himself. I wrote a respectfully worded email. I wrote, after an introduction:

>I believe that an update to the Dress & Grooming Standards is overdue, and I have the vast majority of BYU students and my own experience in professional settings to back me up. The part that the I and the vast majority of students think should change is the beard ban. The beard rule has been in place for almost 50 years now \[this was a typo, I meant to type ""60""\]. My parents weren't even alive then, and they have multiple grandchildren. Times have changed, and the beard rule has gone from being a symbol of the professionalism and conservatism of BYU to simply embarrassing the school and by association the Church that sponsors it.

I then offered to meet with him to discuss my concerns further and gave him my contact information. Then I waited.

I received this response today:

>I understand your interest in changing the bead rule, but it is not currently a priority issue for the University.¬†¬† We are focusing our efforts on things such as giving students more opportunities to be involved in research, internships, study abroad and other experiential learning activities; increasing the number of students who can come to BYU, and providing more opportunities in limited enrollment programs.¬† I would prefer to use the energy we have to advance those and other educational priorities.¬†  
>  
>I wish you well in your educational endeavors.

So there you have it. I honestly didn't even expect President Worthen to respond to my email, and I can respect his response. I still think the beard rule is stupid and only damaging to BYU's reputation, but with other problems the school has I can respect that it's not priority. Hopefully one of these days someone says  ""why do we still have that rule?"" in a meeting and it finally gets changed, but I'm not holding my breath and I don't think there's anything left that anyone can do. It's up to them to act, and it's just not something that they care about right now.

EDIT: some of you might be wondering why I care so much and why I've been willing to put my time and effort into getting the change. I think facial hair greatly improves my sense of masculinity and therefore my personal confidence. It makes me look older, more distinguished, and more mature. In talking with other men I've found that they feel the same. I also love BYU and think that the beard rule is a dark spot on its reputation."
95cwvv,Reminder: only a few Sundays remain to build those muscles before the fall crowd is back in Provo.,60,https://i.redd.it/kjnkuexx1pe11.png,2,2018-08-07 16:02:29+00:00,None,
jqodey,Does the Honor Code Office Stand in Need of Further Revision?,57,https://www.reddit.com/r/byu/comments/jqodey/does_the_honor_code_office_stand_in_need_of/,11,2020-11-09 01:43:21+00:00,Competitive_Tea_4098,"I'm sorry for making a post about the honor code, but it's been on my mind a lot recently, and I'm curious to hear what everyone's current opinions are regarding the Honor Code Office. It was such a hot topic of debate before COVID and I feel like a lot of issues never were resolved.

Personally, I have mixed opinions about the HCO.

First off, I love BYU's honor code and think it's awesome that the university encourages its students to live at such a high standard. The honor code sets BYU apart from other universities and creates a tame environment for LDS students seeking to be educated and spiritually uplifted.

The problem with the HCO, however, occurs when a student slips up. Unlike the gospel, which teaches that no one is perfect and repentance is possible, the Honor Code Office expects its students to be perfect. The HCO is unforgiving, and one mistake can lead to huge negative consequences in that student's education.

**In this, the Honor Code Office basically incentivizes its students to procrastinate repentance.** Even though a student may have the desire to repent of their mistakes, they might wait to do so until graduation out of fear of being suspended or expelled from school. There are other options, such as taking a year off of school and transferring schools, but these are pretty huge decisions that can be avoided if the student chooses to just stay quiet.

Now, of course, before attending the university, all BYU students are required to sign the honor code. I honestly believe that the majority of these students attend with the intention of abiding by that code as well. The reality of the situation is, however, that NO ONE is perfect. No matter how good their intentions, people are bound to slip up because we are human. I'm not saying that the HCO should allow for students to completely disregard the Honor Code. I am arguing, however, that the HCO should follow the example of our Savior and be forgiving towards the students who seek repentance and change. If a student breaks the honor code and begins taking the steps necessary to repent, I think that he/she should be allowed to continue attending the university.

**The Honor Code Office is great, but it could stand to be more forgiving towards its imperfect students.**

Anyways, those are my thoughts on the subject, but I am curious to see what everyone else thinks of BYU's current Honor Code Office policies?"
izq5bm,COVID update from the BYU Health Center,55,https://www.reddit.com/r/byu/comments/izq5bm/covid_update_from_the_byu_health_center/,32,2020-09-25 19:27:20+00:00,JrodCereal,"Just got tested for COVID and was part of the first wave of doing a new way of testing at the health center.  Instead of swabbing way up in the back of your nose, they just swab a bit from each nostril near the tip.  Also, you should expect to get your results by the end of the day you get tested.  I just figured this was worth mentioning here.

EDIT: Looks like I have to stay at home for a while. Just got the call about 5 minutes ago, so it took about 4 hours to get my results."
g1dk93,Family Finance should be a required class for BYU students,54,https://www.reddit.com/r/byu/comments/g1dk93/family_finance_should_be_a_required_class_for_byu/,21,2020-04-14 20:48:39+00:00,None,"This semester I took SFL 260 with Jeff Hill. It was a great class. I already knew a lot of stuff covered in that class, but a lot of it was new to me.

What was shocking was the number of people in that class who didn't know anything about family finance. A lot of them didn't understand 401k's, compound interest, mortgages, or taxes. In my experience, a shocking number of people don't know the first thing about personal finance.

I highly recommend everyone in this sub to take Family Finance. Apart from my OCI, it's the most useful class I've taken while at BYU."
fb7hbx,Dealing With Lonliness,57,https://www.reddit.com/r/byu/comments/fb7hbx/dealing_with_lonliness/,14,2020-02-29 04:45:11+00:00,p4rs3r,"Hey everyone, I am a BYU student, and I am very introverted and lonely. I have exhausted all of the people in my ward, classes, and so on, and I don't know how to meet any new people. The people I do meet are very extroverted and I have a hard time making friends with them. 

If you are also introverted and are struggling with making friends, shoot me a message if you're interested in meeting up. Hopefully we can help each other out !

Also apologies if this breaks any rules/etiquette; I read the rules and didn't directly find anything against a post like this."
iklcak,The rarest outcome for a testing center exam (1-4971),55,https://i.redd.it/fnydblo8rjk51.jpg,36,2020-09-01 14:33:19+00:00,yodacola,
i2vysf,Shots fired at MTC Main Security Booth,56,https://imgur.com/a/UnKN0Yr,12,2020-08-03 12:15:07+00:00,pumaroyal,
g1xl36,"üö®üö®üö® WE MADE IT TO THE FINALS, ALL HANDS ON DECK üö®üö®üö®",53,https://twitter.com/SXMCollege/status/1250453857945206785?s=19,5,2020-04-15 18:22:47+00:00,None,
fhnkfx,3 days of canceled class,55,https://www.byu.edu/coronavirus,41,2020-03-12 21:02:56+00:00,austinchan2,
